,,,,Log Price,Log Price,Log Price
Date,Close Price Gold,Close Price S&P500,HPI Seasonal Adjusted,Log Close Price Gold,Log Close Price S&P500,Log HPI Seasonal Adjusted
1/1/1991,368.5,343.9,100,2.566437492,2.536432176,2
2/1/1991,370.7,367.1,100.45,2.569022586,2.564784385,2.001949941
3/1/1991,359.4,375.2,100.48,2.555578073,2.57426283,2.002079626
4/1/1991,359.5,375.4,100.33,2.555698895,2.574494268,2.001430812
5/1/1991,364.8,389.8,100.38,2.56205483,2.590841835,2.001647191
6/1/1991,371.7,371.2,100.51,2.570192561,2.569607968,2.002209273
7/1/1991,367.2,387.8,100.54,2.564902673,2.588607805,2.002338881
8/1/1991,351.3,395.4,100.38,2.54567815,2.597036665,2.001647191
9/1/1991,357.3,387.9,100.61,2.553033016,2.58871978,2.002641149
10/1/1991,360.9,392.5,100.92,2.557386882,2.593839661,2.003977242
11/1/1991,371.1,375.2,101.41,2.569490954,2.57426283,2.006080783
12/1/1991,356.3,417.1,101.89,2.551815822,2.62024019,2.008131562
1/1/1992,358.9,408.8,102.23,2.554973458,2.611510887,2.009578361
2/1/1992,355.2,412.7,102.97,2.550472957,2.615634469,2.012710713
3/1/1992,345.5,403.7,102.81,2.538448052,2.606058749,2.012035359
4/1/1992,338.8,414.9,102.56,2.529943402,2.617943435,2.010978012
5/1/1992,338.4,415.4,102.59,2.529430354,2.618466492,2.01110503
6/1/1992,345.3,408.1,102.51,2.538196578,2.610766595,2.010766234
7/1/1992,359.4,424.2,102.86,2.555578073,2.627570664,2.01224652
8/1/1992,344.4,414,103.32,2.537063143,2.617000341,2.014184398
9/1/1992,349.4,417.8,103.71,2.543322901,2.620968436,2.015820634
10/1/1992,340.8,418.7,104.04,2.532499586,2.621902961,2.017200344
11/1/1992,335.5,431.4,104.28,2.525692525,2.634880141,2.018201022
12/1/1992,333.6,435.7,104.21,2.523226042,2.63918756,2.017909396
1/1/1993,330.7,438.8,104.26,2.519434195,2.642266619,2.018117721
2/1/1993,331.2,443.4,104.07,2.520090328,2.646795689,2.017325555
3/1/1993,339.3,451.7,104.38,2.53058386,2.654850091,2.018617293
4/1/1993,357.9,440.2,105.02,2.553761698,2.643650038,2.021272014
5/1/1993,380.3,450.2,105.25,2.580126325,2.653405491,2.022222105
6/1/1993,380.2,450.5,105.61,2.580012113,2.653694795,2.023705043
7/1/1993,409.2,448.1,105.67,2.611935625,2.651374944,2.023951707
8/1/1993,374.8,463.6,106.06,2.573799582,2.666143427,2.025551623
9/1/1993,357.1,458.9,106.45,2.55278985,2.661718058,2.027145666
10/1/1993,370.5,467.8,106.66,2.568788212,2.670060217,2.028001579
11/1/1993,371.9,461.8,106.99,2.570426178,2.664453929,2.029343188
12/1/1993,392.8,466.4,107.52,2.594171479,2.668758542,2.031489256
1/1/1994,383.6,481.6,107.77,2.583878598,2.682686478,2.032497883
2/1/1994,383.5,467.1,108.01,2.583765368,2.669409867,2.033463966
3/1/1994,394.3,445.8,108.37,2.595826777,2.649140064,2.034909073
4/1/1994,379.1,450.9,108.7,2.578753784,2.654080235,2.036229544
5/1/1994,390,456.5,109.05,2.591064607,2.659440782,2.03762567
6/1/1994,388.8,444.3,109.23,2.589726256,2.647676313,2.038341934
7/1/1994,386.1,458.3,109.36,2.586699802,2.661149857,2.038858502
8/1/1994,389.3,475.5,109.63,2.590284404,2.677150521,2.039929414
9/1/1994,397.6,462.7,109.7,2.599446376,2.665299499,2.040206628
10/1/1994,386.6,472.4,109.97,2.58726185,2.674309889,2.041274225
11/1/1994,384.5,453.7,110.2,2.584896344,2.656768779,2.042181595
12/1/1994,386.4,459.3,110.2,2.587037118,2.662096445,2.042181595
1/1/1995,377.7,470.4,110.51,2.577146985,2.672467313,2.043401579
2/1/1995,379.8,487.4,111.11,2.57955496,2.687885525,2.045753148
3/1/1995,394.3,500.7,110.94,2.595826777,2.699577591,2.045088162
4/1/1995,390.1,514.7,111.22,2.59117595,2.711554168,2.046182891
5/1/1995,387.6,533.4,111.36,2.588383768,2.727053011,2.046729222
6/1/1995,387.3,544.8,111.74,2.588047497,2.736237099,2.048208667
7/1/1995,385.4,562.1,112.25,2.58591171,2.749813585,2.05018635
8/1/1995,385.5,561.9,112.56,2.586024382,2.749659032,2.051384084
9/1/1995,386.5,584.4,112.79,2.587149498,2.766710207,2.052270597
10/1/1995,385.3,581.5,112.84,2.585799009,2.764549719,2.052463077
11/1/1995,388.6,605.4,113.07,2.589502796,2.782042417,2.053347392
12/1/1995,389.1,615.9,113.55,2.590061231,2.789510204,2.055187139
1/1/1996,408.5,636,113.97,2.611192061,2.803457116,2.056790548
2/1/1996,402.5,640.4,114.13,2.604765885,2.806451323,2.057399817
3/1/1996,398.4,645.5,114.55,2.60031933,2.809896247,2.058995094
4/1/1996,394.7,654.2,114.82,2.596267126,2.81571054,2.060017543
5/1/1996,394.4,669.1,115.07,2.595936906,2.82549103,2.060962113
6/1/1996,382.9,670.6,115.17,2.583085366,2.826463549,2.061339367
7/1/1996,390.5,640,115.56,2.591621038,2.806179974,2.062807533
8/1/1996,391.3,652,115.57,2.592509848,2.814247596,2.062845113
9/1/1996,380.5,687.3,115.86,2.580354661,2.837146344,2.063933524
10/1/1996,380.1,705.3,115.98,2.57989787,2.848373884,2.064383104
11/1/1996,375,757,116.29,2.574031268,2.87909588,2.065542371
12/1/1996,370.3,740.7,116.66,2.568553712,2.869642345,2.066921972
1/1/1997,346,786.2,116.8,2.539076099,2.895533039,2.067442843
2/1/1997,366.2,790.8,117.09,2.56371834,2.898066661,2.068519806
3/1/1997,354,757.1,117.56,2.549003262,2.879153246,2.070259577
4/1/1997,342.4,801.3,117.78,2.534533756,2.903795143,2.07107155
5/1/1997,347.5,848.3,118.21,2.540954809,2.928549467,2.072654217
6/1/1997,336.5,885.1,118.26,2.526985069,2.946992341,2.072837875
7/1/1997,326.5,954.3,118.57,2.513883186,2.979684924,2.07397482
8/1/1997,326.4,899.5,119,2.51375015,2.954001168,2.075546961
9/1/1997,336.9,947.3,119.17,2.527501011,2.976487537,2.076166939
10/1/1997,313.2,914.6,119.78,2.495821753,2.961231197,2.078384309
11/1/1997,298.6,955.4,120.17,2.475089803,2.980185237,2.079796061
12/1/1997,290.7,970.4,120.56,2.463445032,2.986950788,2.081203239
1/1/1998,304.6,980.3,121.02,2.483729899,2.991359003,2.082857149
2/1/1998,301,"1,049.30",121.87,2.478566496,3.020899673,2.085896811
3/1/1998,303.3,"1,101.80",122.28,2.48187241,3.042102768,2.08735543
4/1/1998,309,"1,111.80",122.84,2.489958479,3.04602667,2.089339808
5/1/1998,295.1,"1,090.80",123.32,2.469969209,3.037745129,2.091033516
6/1/1998,299.2,"1,133.80",124.1,2.475961589,3.054536453,2.093771781
7/1/1998,288.4,"1,120.70",124.43,2.459995256,3.049489372,2.094925101
8/1/1998,277.6,957.3,124.95,2.443419462,2.981048059,2.09673626
9/1/1998,299,"1,017.00",125.74,2.475671188,3.007320953,2.099473456
10/1/1998,294.7,"1,098.70",126.27,2.469380136,3.040879125,2.10130018
11/1/1998,295.1,"1,163.60",127.1,2.469969209,3.065803713,2.104145551
12/1/1998,290.2,"1,229.20",127.68,2.462697408,3.089622552,2.106122874
1/1/1999,288.2,"1,279.60",128.4,2.459693976,3.107074231,2.108565024
2/1/1999,289.2,"1,238.30",128.92,2.461198289,3.092825873,2.110320297
3/1/1999,281.9,"1,286.40",129.5,2.450095076,3.109376031,2.112269768
4/1/1999,288.7,"1,335.20",130.13,2.460446784,3.125546324,2.11437743
5/1/1999,272,"1,301.80",130.9,2.434568904,3.114544267,2.116939647
6/1/1999,264.3,"1,372.70",131.51,2.422097163,3.137575634,2.118958778
7/1/1999,257.6,"1,328.70",132.24,2.410945859,3.123426935,2.121362841
8/1/1999,257,"1,320.40",133.03,2.409933123,3.120705516,2.123949591
9/1/1999,299.5,"1,282.70",133.42,2.476396827,3.108125095,2.125220936
10/1/1999,301,"1,362.90",134.21,2.478566496,3.134463992,2.127784876
11/1/1999,293,"1,388.90",134.78,2.46686762,3.142670978,2.129625452
12/1/1999,290.7,"1,469.20",135.45,2.463445032,3.16708092,2.131779009
1/1/2000,286.2,"1,394.50",137.02,2.456669629,3.144418519,2.136783963
2/1/2000,295.4,"1,366.40",136.85,2.470410491,3.135577853,2.136244802
3/1/2000,281.4,"1,498.60",137.91,2.449324093,3.175685728,2.139595758
4/1/2000,276,"1,452.40",138.85,2.440909082,3.16208624,2.142545884
5/1/2000,274.8,"1,420.60",139.42,2.439016728,3.15247181,2.144325078
6/1/2000,293,"1,454.60",140.38,2.46686762,3.162743583,2.147305238
7/1/2000,280.2,"1,430.80",141.11,2.447468131,3.155578931,2.149557792
8/1/2000,280.8,"1,517.70",141.66,2.448397103,3.181185934,2.151247237
9/1/2000,276.9,"1,436.50",142.51,2.442322956,3.15730563,2.15384534
10/1/2000,267.7,"1,429.40",143.31,2.427648371,3.155153778,2.156276496
11/1/2000,273.3,"1,315.00",144.19,2.436639632,3.118925753,2.158935142
12/1/2000,274.9,"1,320.30",145.04,2.43917474,3.120672623,2.161487791
1/1/2001,268,"1,366.00",145.96,2.428134794,3.135450699,2.164233855
2/1/2001,268.9,"1,239.90",146.98,2.429590802,3.09338666,2.167258243
3/1/2001,259.2,"1,160.30",147.75,2.413634997,3.064570292,2.16952749
4/1/2001,264.9,"1,249.50",148.63,2.423081958,3.09673626,2.172106478
5/1/2001,266.9,"1,255.80",149.27,2.426348574,3.098920479,2.173972533
6/1/2001,272,"1,224.40",150,2.434568904,3.087923321,2.176091259
7/1/2001,267.9,"1,211.20",150.83,2.427972714,3.083215862,2.178487731
8/1/2001,275.8,"1,133.60",151.55,2.440594262,3.054459837,2.180555941
9/1/2001,294,"1,040.90",152.33,2.46834733,3.017409009,2.182785442
10/1/2001,280.8,"1,059.80",153.29,2.448397103,3.025223915,2.185513824
11/1/2001,274.9,"1,139.50",153.76,2.43917474,3.05671433,2.18684337
12/1/2001,279.3,"1,148.10",154.75,2.446070936,3.059979717,2.189630658
1/1/2002,282.9,"1,130.20",155.6,2.451632947,3.053155303,2.192009593
2/1/2002,297.6,"1,106.70",156.52,2.473632927,3.04402991,2.194569839
3/1/2002,303.7,"1,147.40",157.52,2.482444792,3.059714846,2.197335703
4/1/2002,309.8,"1,076.90",158.36,2.491081413,3.032175377,2.199645493
5/1/2002,327.5,"1,067.10",159.42,2.515211304,3.02820512,2.202542805
6/1/2002,314.4,989.8,160.43,2.497482537,2.995547449,2.205285584
7/1/2002,304.2,911.6,161.45,2.48315921,2.959804317,2.208038049
8/1/2002,313.3,916.1,162.48,2.495960395,2.961942883,2.21079991
9/1/2002,325.2,815.3,163.47,2.512150537,2.911317442,2.213438063
10/1/2002,318.8,885.8,164.61,2.503518313,2.947335676,2.216456215
11/1/2002,317.8,936.3,165.57,2.502153893,2.971415023,2.218981649
12/1/2002,348.6,879.8,166.78,2.542327383,2.944383958,2.22214397
1/1/2003,369.1,855.7,167.79,2.567144045,2.932321532,2.224766074
2/1/2003,350.7,841.1,168.85,2.544935766,2.924847633,2.227501065
3/1/2003,336.9,848.2,169.39,2.527501011,2.928498268,2.228887768
4/1/2003,339.8,916.9,170.46,2.531223375,2.962321973,2.231622484
5/1/2003,365.6,963.6,171.37,2.563006187,2.983896791,2.233934797
6/1/2003,346.7,974.5,172.17,2.539953842,2.988781843,2.235957479
7/1/2003,355,990.3,173.45,2.550228353,2.995766779,2.239174304
8/1/2003,376.3,"1,008.00",174.72,2.575534218,3.003460532,2.242342621
9/1/2003,386.1,996,176.13,2.586699802,2.998259338,2.245833335
10/1/2003,385.1,"1,050.70",177.17,2.585573519,3.021478732,2.248390185
11/1/2003,398,"1,058.20",178.56,2.599883072,3.024567757,2.251784177
12/1/2003,416.6,"1,111.90",180.05,2.619719266,3.04606573,2.255393126
1/1/2004,402.9,"1,131.10",181.2,2.605197267,3.053501002,2.258158193
2/1/2004,397.3,"1,144.90",182.58,2.599118565,3.058767555,2.261453203
3/1/2004,428.3,"1,126.20",183.9,2.631748074,3.051615523,2.264581729
4/1/2004,388,"1,107.30",185.44,2.588831726,3.0442653,2.268203419
5/1/2004,394.9,"1,120.70",187.19,2.596487134,3.049489372,2.272282644
6/1/2004,393.6,"1,140.80",189.11,2.59505509,3.057209513,2.276714495
7/1/2004,392.4,"1,101.70",190.64,2.593728999,3.042063349,2.280214029
8/1/2004,411.7,"1,104.20",192.02,2.614580867,3.043047743,2.283346465
9/1/2004,420.4,"1,114.60",193.53,2.623662707,3.047119039,2.286748297
10/1/2004,430.3,"1,130.20",194.98,2.633771346,3.053155303,2.289990066
11/1/2004,453.2,"1,173.80",196.77,2.656289901,3.069594105,2.293958886
12/1/2004,439.4,"1,211.90",198.5,2.642860053,3.083466785,2.297760511
1/1/2005,424.1,"1,181.30",199.91,2.627468272,3.072360204,2.300834519
2/1/2005,438.8,"1,203.60",201.34,2.642266619,3.080482179,2.303930064
3/1/2005,431.1,"1,180.60",203.38,2.634578023,3.072102779,2.308308243
4/1/2005,437.4,"1,156.80",205.21,2.640878779,3.06325828,2.31219852
5/1/2005,418.9,"1,191.50",206.88,2.62211036,3.076094047,2.315718508
6/1/2005,438.6,"1,191.30",208.65,2.642068627,3.076021142,2.319418389
7/1/2005,432.8,"1,234.20",210.76,2.636287252,3.091385542,2.32378819
8/1/2005,436.6,"1,220.30",212.27,2.640083731,3.086466611,2.32688862
9/1/2005,472.3,"1,228.80",214.24,2.674217946,3.089481203,2.33090056
10/1/2005,468.8,"1,207.00",215.41,2.670987603,3.08170727,2.333265861
11/1/2005,498.7,"1,249.50",216.81,2.697839368,3.09673626,2.336079309
12/1/2005,521.2,"1,248.30",218.11,2.717004407,3.096318971,2.338675578
1/1/2006,575.5,"1,280.10",219.49,2.760045328,3.107243898,2.341414739
2/1/2006,566.5,"1,280.70",219.89,2.753199914,3.10744741,2.342205479
3/1/2006,586.7,"1,294.80",220.76,2.768416088,3.112202691,2.343920385
4/1/2006,657.7,"1,310.60",221.19,2.818027842,3.117470164,2.344765489
5/1/2006,649,"1,270.10",221.73,2.812244697,3.103837916,2.345824457
6/1/2006,619.3,"1,270.20",221.72,2.79190108,3.103872108,2.34580487
7/1/2006,640.4,"1,276.70",221.6,2.806451323,3.106088858,2.345569756
8/1/2006,631.2,"1,303.80",222.18,2.80016699,3.115210977,2.346704962
9/1/2006,604.2,"1,335.80",222.13,2.781180721,3.125741439,2.346607217
10/1/2006,609.8,"1,377.90",222.39,2.78518742,3.1392177,2.347115255
11/1/2006,652.9,"1,400.60",223.05,2.814846669,3.146314122,2.348402228
12/1/2006,641.1,"1,418.30",223.12,2.806925777,3.151768103,2.348538501
1/1/2007,657.9,"1,438.20",223.92,2.818159886,3.157819284,2.350092885
2/1/2007,675.6,"1,406.80",223.93,2.829689641,3.14823236,2.35011228
3/1/2007,669,"1,420.90",224.82,2.825426118,3.152563514,2.351834943
4/1/2007,686.7,"1,482.40",224.88,2.836767047,3.170965406,2.351950833
5/1/2007,666.7,"1,530.60",223.76,2.823930455,3.184861709,2.349782453
6/1/2007,653.9,"1,503.30",222.88,2.815511337,3.177045657,2.348071099
7/1/2007,673,"1,455.30",221.8,2.828015064,3.162952529,2.345961542
8/1/2007,678.8,"1,474.00",220.79,2.831741834,3.168497484,2.343979399
9/1/2007,750,"1,526.80",219.93,2.875061263,3.183782151,2.342284474
10/1/2007,798.5,"1,549.40",218.08,2.90227492,3.190163552,2.338615838
11/1/2007,789.1,"1,481.10",216.61,2.897132043,3.170584382,2.335678502
12/1/2007,841.2,"1,468.40",215.48,2.924899264,3.166844376,2.333406967
1/1/2008,928,"1,378.50",213.68,2.967547976,3.13940677,2.329763875
2/1/2008,977.5,"1,330.60",212.32,2.990116766,3.124047519,2.326990906
3/1/2008,921.5,"1,322.70",210.46,2.96449534,3.121461354,2.323169566
4/1/2008,867.2,"1,385.60",208.14,2.938119269,3.141637875,2.31835555
5/1/2008,891.5,"1,400.40",205.84,2.950121348,3.146252102,2.313529773
6/1/2008,930.6,"1,280.00",204.52,2.968763048,3.10720997,2.310735784
7/1/2008,918,"1,267.40",202.6,2.962842681,3.102913703,2.306639441
8/1/2008,833.2,"1,282.80",200.53,2.920749261,3.108158951,2.302179354
9/1/2008,880.8,"1,166.40",198.74,2.944877306,3.066847511,2.298285285
10/1/2008,718.9,968.8,197.07,2.856668484,2.98623413,2.294620517
11/1/2008,819,896.2,193.57,2.913283902,2.95240494,2.28683805
12/1/2008,884.8,903.2,193.01,2.946845114,2.955783929,2.285579811
1/1/2009,928.4,825.9,194.57,2.967735132,2.916927466,2.289075879
2/1/2009,943.5,735.1,194.83,2.974741905,2.866346423,2.289655831
3/1/2009,925,797.9,192.51,2.966141733,2.901948465,2.284453294
4/1/2009,892,872.8,191.31,2.950364854,2.940914738,2.281737672
5/1/2009,980.3,919.1,191.2,2.991359003,2.963362766,2.281487888
6/1/2009,928.1,919.3,191.14,2.967594773,2.96345726,2.281351582
7/1/2009,954.5,987.5,190.53,2.979775933,2.994537104,2.279963367
8/1/2009,952.8,"1,020.60",190.24,2.979001748,3.008855564,2.279301837
9/1/2009,"1,009.30","1,057.10",190.03,3.004020273,3.024116073,2.278822168
10/1/2009,"1,040.90","1,036.20",190.4,3.017409009,3.015443588,2.279666944
11/1/2009,"1,182.30","1,095.60",191.01,3.07272769,3.039652024,2.281056105
12/1/2009,"1,096.90","1,115.10",189.24,3.040167036,3.047313816,2.277012939
1/1/2010,"1,083.80","1,073.90",189.25,3.034949147,3.030963842,2.277035888
2/1/2010,"1,119.50","1,104.50",188.44,3.049024098,3.04316572,2.275173096
3/1/2010,"1,114.50","1,169.40",188.19,3.047080073,3.06796309,2.274596542
4/1/2010,"1,181.40","1,186.70",188.49,3.072396967,3.074340942,2.275288314
5/1/2010,"1,215.00","1,089.40",188.47,3.084576278,3.037187371,2.275242231
6/1/2010,"1,246.90","1,030.70",186.5,3.095831625,3.013132276,2.270678836
7/1/2010,"1,182.40","1,101.60",185.34,3.072764421,3.042023927,2.267969159
8/1/2010,"1,249.60","1,049.30",185.15,3.096771017,3.020899673,2.267523716
9/1/2010,"1,309.60","1,141.20",183.35,3.117138666,3.057361763,2.263280914
10/1/2010,"1,358.70","1,183.30",183.65,3.133123575,3.073094865,2.263990933
11/1/2010,"1,386.10","1,180.50",183.06,3.141794564,3.072065991,2.262593458
12/1/2010,"1,422.50","1,257.60",181.68,3.153052275,3.099542529,2.259307121
1/1/2011,"1,334.50","1,286.10",180.65,3.125318578,3.109274738,2.256837966
2/1/2011,"1,410.60","1,327.20",179.04,3.14940388,3.122936373,2.252950069
3/1/2011,"1,439.90","1,325.80",177.05,3.158332332,3.122478015,2.248095931
4/1/2011,"1,557.00","1,363.60",177.51,3.192288613,3.134686993,2.249222824
5/1/2011,"1,536.80","1,345.20",177.11,3.186617352,3.128786859,2.248243083
6/1/2011,"1,503.30","1,320.60",177.54,3.177045657,3.120771293,2.249296216
7/1/2011,"1,629.90","1,292.30",177.89,3.21216096,3.111363344,2.250151535
8/1/2011,"1,830.30","1,218.90",177.43,3.26252228,3.085968077,2.249027053
9/1/2011,"1,622.30","1,131.40",178.46,3.210131168,3.053616174,2.251540889
10/1/2011,"1,726.20","1,253.30",177.52,3.237091112,3.09805504,2.249247289
11/1/2011,"1,750.30","1,247.00",178.26,3.243112493,3.095866453,2.251053902
12/1/2011,"1,568.00","1,257.60",178.79,3.195346058,3.099542529,2.252343224
1/1/2012,"1,740.40","1,312.40",178.06,3.240649075,3.118066222,2.250566369
2/1/2012,"1,712.60","1,365.70",178.56,3.23365594,3.135355309,2.251784177
3/1/2012,"1,671.90","1,408.50",180.05,3.223210298,3.148756851,2.255393126
4/1/2012,"1,665.30","1,397.90",180.97,3.221492482,3.145476105,2.257606586
5/1/2012,"1,564.20","1,310.30",182.02,3.194292282,3.117370741,2.26011911
6/1/2012,"1,605.30","1,362.20",182.78,3.205556206,3.134240876,2.261928673
7/1/2012,"1,612.40","1,379.30",183.16,3.207472789,3.139658736,2.262830635
8/1/2012,"1,686.40","1,406.60",184.46,3.226960594,3.148170613,2.265902204
9/1/2012,"1,773.90","1,440.70",185.13,3.248929134,3.158573556,2.267476801
10/1/2012,"1,720.20","1,412.20",186.03,3.235578943,3.149896207,2.269582986
11/1/2012,"1,712.70","1,416.20",186.92,3.233681298,3.15112459,2.271655772
12/1/2012,"1,676.90","1,426.20",187.83,3.224507165,3.154180432,2.273764959
1/1/2013,"1,662.00","1,498.10",189.2,3.220631019,3.175540804,2.276921132
2/1/2013,"1,579.80","1,514.70",190.41,3.198602109,3.180326625,2.279689753
3/1/2013,"1,597.40","1,569.20",192.3,3.20341368,3.195678299,2.283979284
4/1/2013,"1,473.50","1,597.60",193.27,3.16835014,3.203468052,2.286164447
5/1/2013,"1,394.20","1,630.70",194.79,3.144325078,3.212374071,2.289566658
6/1/2013,"1,224.80","1,606.30",196,3.088065178,3.205826659,2.292256071
7/1/2013,"1,313.00","1,685.70",197.1,3.118264726,3.226780287,2.294686624
8/1/2013,"1,396.10","1,633.00",197.68,3.144916527,3.212986185,2.295962732
9/1/2013,"1,327.70","1,681.50",198.65,3.123099955,3.225696872,2.298088569
10/1/2013,"1,324.50","1,756.50",199.21,3.122051963,3.244648154,2.299311135
11/1/2013,"1,251.30","1,805.80",199.28,3.097361445,3.256669649,2.299463715
12/1/2013,"1,203.00","1,848.40",200.46,3.080265627,3.26679596,2.302027726
1/1/2014,"1,240.30","1,782.60",201.32,3.093526744,3.251053902,2.303886922
2/1/2014,"1,321.90","1,859.50",202.1,3.121198603,3.269396183,2.305566314
3/1/2014,"1,284.10","1,872.30",202.71,3.108598846,3.272375437,2.306875174
4/1/2014,"1,296.00","1,884.00",203.35,3.112605002,3.275080898,2.308244177
5/1/2014,"1,246.30","1,923.60",203.77,3.095622595,3.284114768,2.309140245
6/1/2014,"1,322.40","1,960.20",204.81,3.121362841,3.292300385,2.311351158
7/1/2014,"1,282.80","1,930.70",205.65,3.108158951,3.285714797,2.313128714
8/1/2014,"1,287.40","2,003.40",206.4,3.109713505,3.301767669,2.314709693
9/1/2014,"1,212.30","1,972.30",206.63,3.083610105,3.294972975,2.315193376
10/1/2014,"1,172.40","2,018.00",207.76,3.06907581,3.304921162,2.317561937
11/1/2014,"1,176.00","2,067.60",208.82,3.070407322,3.315466523,2.319772091
12/1/2014,"1,184.90","2,058.90",210.12,3.073681699,3.313635254,2.322467392
1/1/2015,"1,280.00","1,995.00",210.39,3.10720997,3.2999429,2.323025094
2/1/2015,"1,214.00","2,104.50",211.95,3.084218687,3.32314893,2.326233421
3/1/2015,"1,184.10","2,067.90",212.65,3.073388381,3.315529533,2.327665387
4/1/2015,"1,183.40","2,085.50",213.43,3.073131565,3.319210194,2.329255464
5/1/2015,"1,190.70","2,107.40",214.64,3.075802354,3.323746976,2.33171066
6/1/2015,"1,172.80","2,063.10",215.49,3.069223957,3.314520279,2.333427121
7/1/2015,"1,095.10","2,103.80",216.51,3.039453779,3.323004451,2.33547796
8/1/2015,"1,132.50","1,972.20",216.94,3.054038211,3.294950954,2.336339636
9/1/2015,"1,116.00","1,920.00",218,3.047664195,3.283301229,2.338456494
10/1/2015,"1,142.30","2,079.40",219.24,3.057780177,3.31793804,2.340919793
11/1/2015,"1,066.00","2,080.40",220.3,3.027757205,3.318146845,2.343014497
12/1/2015,"1,060.80","2,043.90",221.27,3.025633511,3.310459644,2.344922536
1/1/2016,"1,116.80","1,940.20",222.32,3.047975405,3.2878465,2.346978534
2/1/2016,"1,235.10","1,932.20",222.42,3.091702122,3.286052078,2.347173836
3/1/2016,"1,237.00","2,059.70",224.11,3.0923697,3.313803969,2.350461236
4/1/2016,"1,292.60","2,065.30",225.29,3.111464152,3.314983145,2.352741915
5/1/2016,"1,220.30","2,097.00",226.21,3.086466611,3.32159843,2.3545118
6/1/2016,"1,324.00","2,098.90",227.47,3.121887985,3.321991748,2.356924128
7/1/2016,"1,357.50","2,173.60",228.64,3.132739838,3.337179625,2.359152211
8/1/2016,"1,311.40","2,170.90",229.71,3.117735179,3.336639819,2.361179902
9/1/2016,"1,320.90","2,168.30",230.98,3.12086994,3.33611937,2.363574377
10/1/2016,"1,276.90","2,126.20",232.25,3.106156887,3.327604114,2.365955723
11/1/2016,"1,177.00","2,198.80",233.24,3.070776463,3.342185728,2.367803033
12/1/2016,"1,154.30","2,238.80",234.75,3.062318696,3.350015298,2.370605601
1/1/2017,"1,214.50","2,278.90",234.95,3.084397519,3.357725268,2.370975449
2/1/2017,"1,257.20","2,363.60",236.18,3.099404372,3.373573981,2.373243118
3/1/2017,"1,254.50","2,362.70",237.6,3.098470666,3.373408581,2.375846436
4/1/2017,"1,271.70","2,384.20",239.42,3.104384671,3.377342684,2.379160426
5/1/2017,"1,279.00","2,411.80",240.53,3.106870544,3.382341291,2.381169251
6/1/2017,"1,246.00","2,423.40",241.44,3.095518042,3.384425104,2.382809222
7/1/2017,"1,273.40","2,470.30",242.73,3.104964846,3.392749698,2.385123456
8/1/2017,"1,322.20","2,471.70",244.34,3.121297153,3.392995758,2.38799457
9/1/2017,"1,288.90","2,519.40",245.46,3.110219224,3.401297125,2.38998073
10/1/2017,"1,274.70","2,575.30",246.46,3.105407986,3.410827828,2.391746444
11/1/2017,"1,281.10","2,647.60",248.11,3.107583031,3.422852372,2.394644269
12/1/2017,"1,314.00","2,673.60",249.17,3.118595365,3.427096433,2.396495752
1/1/2018,"1,348.40","2,823.80",251.11,3.129818744,3.450833934,2.399864008
2/1/2018,"1,323.70","2,713.80",252.77,3.121789569,3.433577838,2.402725528
3/1/2018,"1,333.30","2,640.90",253.74,3.124927879,3.421751957,2.404388936
4/1/2018,"1,325.30","2,648.10",254.38,3.122314198,3.422934381,2.405482963
5/1/2018,"1,310.80","2,705.30",255.59,3.117536433,3.432215433,2.407543858
6/1/2018,"1,260.20","2,718.40",256.68,3.100439475,3.434313362,2.409392031
7/1/2018,"1,233.60","2,816.30",257.75,3.091174361,3.449678915,2.411198674
8/1/2018,"1,206.70","2,901.50",259,3.081599313,3.462622575,2.413299764
9/1/2018,"1,201.90","2,914.00",259.51,3.079868335,3.464489547,2.414154098
10/1/2018,"1,220.80","2,711.70",260.41,3.086644521,3.433241641,2.415657658
11/1/2018,"1,231.80","2,760.20",262.01,3.0905402,3.440940552,2.418317867
12/1/2018,"1,287.70","2,506.80",262.77,3.109814696,3.399119686,2.419575781
1/1/2019,"1,331.60","2,704.10",264.34,3.124373786,3.432022748,2.422162886
2/1/2019,"1,322.70","2,784.50",264.82,3.121461354,3.444747222,2.422950781
3/1/2019,"1,304.50","2,834.40",265.8,3.115444083,3.452461139,2.424554977
4/1/2019,"1,291.70","2,945.80",267.08,3.11116166,3.469203258,2.426641368
5/1/2019,"1,316.90","2,752.10",268.29,3.119552798,3.43966421,2.428604485
6/1/2019,"1,419.60","2,941.80",269.19,3.152165991,3.468613144,2.430058922
7/1/2019,"1,437.80","2,980.40",270.24,3.157698479,3.474274555,2.431749632
8/1/2019,"1,529.40","2,926.50",271.32,3.184521086,3.466348528,2.433481808
9/1/2019,"1,479.60","2,976.70",272.95,3.170144323,3.473735067,2.436083099
10/1/2019,"1,521.80","3,037.60",274.38,3.18235758,3.482530584,2.438352452
11/1/2019,"1,478.10","3,141.00",276.09,3.169703817,3.497067936,2.441050677
12/1/2019,"1,529.30","3,230.80",278.39,3.184492689,3.509310074,2.444653631
1/1/2020,"1,593.80","3,225.50",280.24,3.202433822,3.508597046,2.447530124
2/1/2020,"1,571.80","2,954.20",282,3.196397284,3.470439894,2.450249108
3/1/2020,"1,596.60","2,584.60",282.51,3.203196125,3.41239334,2.451033825
4/1/2020,"1,701.00","2,912.40",282.92,3.230704314,3.464251022,2.451663649
5/1/2020,"1,760.70","3,044.30",281.93,3.245685364,3.483487448,2.450141291
6/1/2020,"1,810.00","3,100.30",284.96,3.257678575,3.49140372,2.454783902
7/1/2020,"1,985.90","3,271.10",288.86,3.297957376,3.514693821,2.460687407
8/1/2020,"1,978.60","3,500.30",293.95,3.296358005,3.544105268,2.468273465
9/1/2020,"1,902.60","3,363.00",298.79,3.279347492,3.526726867,2.475366058
10/1/2020,"1,887.20","3,270.00",303.46,3.275817928,3.514547753,2.482101453
11/1/2020,"1,784.80","3,621.60",307.14,3.251589557,3.558900481,2.48733638
12/1/2020,"1,899.60","3,756.10",311.31,3.278662161,3.574737146,2.493193071
1/1/2021,"1,852.70","3,714.20",315,3.267805102,3.569865286,2.498310554
2/1/2021,"1,731.60","3,811.20",317.75,3.238447577,3.58106174,2.502085559
3/1/2021,"1,717.50","3,972.90",322.19,3.234896746,3.599107634,2.508112057
4/1/2021,"1,769.80","4,181.20",327.31,3.247924191,3.621300942,2.514959274
5/1/2021,"1,906.90","4,204.10",332.61,3.280327919,3.623673038,2.521935302
6/1/2021,"1,773.50","4,297.50",338.51,3.248831193,3.633215885,2.529571503
7/1/2021,"1,817.20","4,395.30",343.75,3.259402728,3.642988523,2.536242707
8/1/2021,"1,818.10","4,522.70",347.81,3.259617767,3.655397781,2.541342064
9/1/2021,"1,758.50","4,307.50",351.69,3.245142373,3.634225286,2.54616002
10/1/2021,"1,785.90","4,605.40",356.4,3.251857137,3.663267357,2.551937695
11/1/2021,"1,778.30","4,567.00",361.44,3.250005028,3.659631012,2.558036214
12/1/2021,"1,831.00","4,766.20",366.88,3.262688344,3.678172262,2.564524037
1/1/2022,"1,799.20","4,515.60",372.32,3.255079442,3.654715464,2.570916366
2/1/2022,"1,904.00","4,373.90",377.83,3.279666944,3.64086885,2.577296438
3/1/2022,"1,959.50","4,530.40",382.44,3.292145268,3.656136549,2.58256331
4/1/2022,"1,918.60","4,131.90",387.51,3.28298444,3.616149802,2.588282914
5/1/2022,"1,856.30","4,132.10",391.28,3.268648165,3.616170823,2.59248765
6/1/2022,"1,816.30","3,785.40",391.86,3.259187583,3.578111778,2.593130934
7/1/2022,"1,781.80","4,130.30",389.81,3.250858955,3.615981597,2.590852976
8/1/2022,"1,726.20","3,955.00",388.43,3.237091112,3.597146488,2.589312765
9/1/2022,"1,684.90","3,585.60",389.87,3.22657413,3.554561839,2.590919818
10/1/2022,"1,654.90","3,872.00",390.69,3.218771756,3.587935349,2.591832295
11/1/2022,"1,775.10","4,080.10",391.01,3.249222824,3.610670807,2.592187865
12/1/2022,"1,842.20","3,839.50",391.7,3.265336778,3.584274672,2.592953572
1/1/2023,"1,962.20","4,076.60",392.42,3.292743271,3.6102981,2.593751133
2/1/2023,"1,853.20","3,970.20",395.19,3.267922292,3.598812385,2.596805947
3/1/2023,"2,004.10","4,109.30",396.99,3.301919388,3.613767848,2.598779567
4/1/2023,"2,018.30","4,169.50",399.88,3.30498572,3.620083978,2.601929683
5/1/2023,"1,982.10","4,179.80",402.74,3.297125562,3.621155502,2.605024766
6/1/2023,"1,929.40","4,450.40",405.02,3.285422274,3.648399047,2.607476469
7/1/2023,"2,009.20","4,589.00",408.16,3.303023169,3.661718058,2.610830441
8/1/2023,"1,965.90","4,507.70",411.19,3.293561423,3.653955005,2.614042544
9/1/2023,"1,885.40","4,288.10",414.37,3.275403503,3.632264905,2.617388305
10/1/2023,"1,994.30","4,193.80",415.74,3.299790489,3.622607715,2.618821812
11/1/2023,"2,038.10","4,567.80",417.36,3.309225489,3.65970708,2.620510824
12/1/2023,"2,071.80","4,769.80",418.05,3.316347829,3.678500169,2.621228228
1/1/2024,"2,057.40","4,845.60",417.78,3.313318735,3.685347561,2.620947646
2/1/2024,"2,054.70","5,096.30",423,3.312748421,3.707254985,2.626340367
,,,,,,
,,,,,,
,,,,,,
